Full_Name,age,overall,potential,Position1,club,first_name,second_name,goals_scored,assists,total_points,minutes played,goals_conceded,creativity,influence,threat,bonus,bps,ict_index,clean_sheets,red_cards,yellow_cards,selected_by_percent,position_index
Thibaut Courtois,24,89,93,GK,Chelsea,Thibaut,Courtois,0,0,141,3240,28,0,517.6,0,0,623,52,16,0,1,14.1,1
Paul Pogba,23,88,94,CM,Manchester United,Paul,Pogba,5,4,115,2608,21,953.5,713,839,14,512,250,13,0,7,7.3,3
Kevin De Bruyne,25,88,91,CAM,Manchester City,Kevin,De Bruyne,6,21,199,2877,34,1702,872.4,790,33,825,336.6,11,0,4,10.4,3
Eden Hazard,25,88,90,LM,Chelsea,Eden,Hazard,16,9,224,2985,29,1306.8,1044.6,1162,33,869,351.6,17,0,3,30.6,3
Hugo Lloris,29,88,88,GK,Tottenham Hotspur,Hugo,Lloris,0,0,143,3004,24,20,664.6,2,6,665,68.7,15,0,0,7.9,1
Vincent Kompany,30,86,86,CB,Manchester City,Vincent,Kompany,3,0,57,820,6,32.9,249,123,6,227,40.6,5,0,5,3.2,2
Riyad Mahrez,25,85,88,RM,Leicester City,Riyad,Mahrez,6,4,120,2826,48,802.1,573,898,9,437,227.8,9,0,4,8.2,3
Toby Alderweireld,27,85,86,CB,Tottenham Hotspur,Toby,Alderweireld,1,0,120,2601,17,102.2,618.4,363,4,611,108.6,14,0,1,9.6,2
Steve Mandanda,31,85,85,GK,Crystal Palace,Steve,Mandanda,0,0,19,810,17,0,182.8,0,0,120,18.2,0,0,0,1.9,1
Laurent Koscielny,30,85,85,CB,Arsenal,Laurent,Koscielny,2,1,121,2821,37,53.9,831.2,239,19,723,112.7,10,1,4,11.2,2
Henrikh Mkhitaryan,27,85,85,RM,Manchester United,Henrikh,Mkhitaryan,4,1,73,1348,8,512.2,325.8,427,3,279,126.2,10,0,1,2.1,3
Romelu Lukaku,23,84,90,ST,Everton,Romelu,Lukaku,25,6,221,3266,42,701.4,1171.6,1670,33,824,354.1,13,0,3,32.2,4
Harry Kane,22,84,90,ST,Tottenham Hotspur,Harry,Kane,29,7,224,2523,19,548.4,1279,1530,33,920,336,14,0,3,23.3,4
Aaron Ramsey,25,84,87,CM,Arsenal,Aaron,Ramsey,1,4,56,1236,20,361.2,257.2,496,3,240,111.3,4,0,3,1.1,3
Granit Xhaka,23,84,87,CM,Arsenal,Granit,Xhaka,2,3,85,2483,32,626.2,488.8,193,7,506,130.8,10,2,5,3.2,3
Chris Smalling,26,84,85,CB,Manchester United,Chris,Smalling,1,1,52,1217,16,36.1,342.6,95,1,282,47.4,4,0,0,1.1,2
John Terry,35,84,84,CB,Chelsea,John,Terry,1,0,21,496,9,24.3,104.6,104,0,97,23.3,1,0,1,1.9,2
Joe Hart,29,84,84,GK,Torino,Joe,Hart,0,0,0,0,0,0,0,0,0,0,0,0,0,0,1,1
David Luiz Moreira Marinho,29,84,84,CB,Chelsea,David,Luiz Moreira Marinho,1,1,132,2954,26,158.1,651,280,10,675,109.1,15,0,6,5,2
Shkodran Mustafi,24,83,88,CB,Arsenal,Shkodran,Mustafi,2,2,90,2274,30,159.7,598.2,364,8,513,112.4,8,0,11,1.4,2
Per Mertesacker,31,83,83,CB,Arsenal,Per,Mertesacker,0,0,1,38,1,0.1,17.8,0,0,5,1.8,0,0,0,0.2,2
Bastian Schweinsteiger,31,83,83,CM,Manchester United,Bastian,Schweinsteiger,0,0,0,0,0,0,0,0,0,0,0,0,0,0,0.1,3
Leighton Baines,31,83,83,LB,Everton,Leighton,Baines,2,5,135,2819,34,695,570.8,151,15,647,141.9,11,0,4,11,2
Ashley Williams,31,83,83,CB,Everton,Ashley,Williams,1,3,127,3160,40,119.1,927.6,289,9,739,133.9,13,1,7,8.7,2
Gary Cahill,30,83,83,CB,Chelsea,Gary,Cahill,6,0,178,3296,29,100.8,831.6,400,15,778,133.3,17,0,5,15.3,2
Jan Vertonghen,29,83,83,CB,Tottenham Hotspur,Jan,Vertonghen,0,0,126,2894,21,121.1,790.8,138,8,733,105.1,15,0,5,7.7,2
Olivier Giroud,29,83,83,ST,Arsenal,Olivier,Giroud,12,5,116,1206,16,275.1,522.6,797,17,432,158.9,4,0,2,4.7,4
Islam Slimani,28,83,83,ST,Leicester City,Islam,Slimani,7,4,83,1281,23,268.4,338.2,516,9,271,111.3,5,0,1,0.6,4
Anthony Martial,20,82,90,LM,Manchester United,Anthony,Martial,4,6,95,1553,13,399.1,382.8,579,9,302,136.2,9,0,2,2.5,3
Eric Bailly,22,82,90,CB,Manchester United,Eric,Bailly,0,0,105,2058,15,31,481.2,98,14,542,61.2,13,0,4,8.3,2
Jack Butland,23,82,89,GK,Stoke City,Jack,Butland,0,0,20,450,8,0,121.8,0,2,104,12.2,2,0,0,0.9,1
Raheem Sterling,21,82,88,LM,Manchester City,Raheem,Sterling,7,14,149,2509,27,688.3,527,1170,11,468,237.7,9,0,7,10.6,3
Loris Karius,23,82,87,GK,Liverpool,Loris,Karius,0,0,32,900,12,0,149.4,0,0,153,15,3,0,0,0.7,1
Xherdan Shaqiri,24,82,86,RM,Stoke City,Xherdan,Shaqiri,4,2,80,1699,21,672.9,293.6,453,8,275,141.6,8,0,2,3,3
Jack Wilshere,24,82,85,CM,Bournemouth,Jack,Wilshere,0,3,61,1950,45,544.4,308.4,321,2,312,116.8,5,0,4,0.5,3
Morgan Schneiderlin,26,82,84,CDM,Manchester United,Morgan,Schneiderlin,1,0,37,1073,14,112.3,216.2,90,1,214,42,5,0,2,0.4,3
Dejan Lovren,26,82,84,CB,Liverpool,Dejan,Lovren,2,1,106,2553,31,119.2,715.4,236,6,589,107.1,11,0,6,5.6,2
Mamadou Sakho,26,82,83,CB,Liverpool,Mamadou,Sakho,0,0,35,686,6,48.7,143.4,40,6,155,23.2,4,0,0,0.6,2
Phil Jagielka,33,82,82,CB,Everton,Phil,Jagielka,3,3,104,2251,32,71.7,751.4,278,16,533,110.1,6,1,4,7.5,2
Bacary Sagna,33,82,82,RB,Manchester City,Bacary,Sagna,0,1,55,1346,14,152.1,223.2,53,3,316,42.8,6,0,2,1.7,2
Samir Nasri,29,82,82,LM,Sevilla FC,Samir,Nasri,0,0,1,16,0,12.3,4.8,41,0,0,5.8,0,0,0,0.2,3
Juan Cuadrado,28,82,82,RM,Juventus,Juan,Cuadrado,0,0,0,0,0,0,0,0,0,0,0,0,0,0,0.5,3
Jamie Vardy,29,82,82,ST,Leicester City,Jamie,Vardy,13,8,161,2801,57,450.4,629.8,955,24,555,202.5,7,1,2,13.9,4
Ross Barkley,22,81,89,CAM,Everton,Ross,Barkley,5,11,144,2900,36,1237.6,692.4,973,11,534,290.3,12,0,5,6.6,3
Luke Shaw,20,81,89,LB,Manchester United,Luke,Shaw,0,3,45,688,6,160.5,139.2,64,4,202,36.5,4,0,1,6.4,2
Erik Lamela,24,81,85,RM,Tottenham Hotspur,Erik,Lamela,1,1,28,595,2,275.2,121.8,225,4,93,62.2,4,0,1,3.3,3
Manolo Gabbiadini,24,81,85,ST,Napoli,Manolo,Gabbiadini,4,1,38,724,12,85,165.6,432,4,124,67.8,3,0,1,6.5,4
Georginio Wijnaldum,25,81,84,CAM,Liverpool,Georginio,Wijnaldum,6,9,149,2974,37,694.5,648.4,639,14,650,198.5,11,0,2,1.7,3
James McCarthy,25,81,84,CDM,Everton,James,McCarthy,1,1,23,613,10,80.4,119.8,84,0,100,28.6,0,0,2,0.2,3
Kyle Walker,26,81,84,RB,Tottenham Hotspur,Kyle,Walker,0,6,142,2701,21,570.5,564,264,18,640,140.2,14,0,8,27.6,2
Francis Coquelin,25,81,84,CDM,Arsenal,Francis,Coquelin,0,1,52,1779,27,314.1,291.6,117,1,303,72.4,5,0,5,1.9,3
Roberto Pereyra,25,81,84,CM,Watford,Roberto,Pereyra,2,3,43,1036,17,239.3,168,141,2,186,54.7,3,1,2,0.2,3
Kasper Schmeichel,29,81,83,GK,Leicester City,Kasper,Schmeichel,0,0,109,2666,47,0,757.4,0,10,585,75.8,8,0,1,6,1
Daley Blind,26,81,83,CB,Manchester United,Daley,Blind,1,2,98,1830,17,426.6,534,122,14,525,108.2,9,0,2,4.7,2
Ron-Robert Zieler,27,81,82,GK,Leicester City,Ron-Robert,Zieler,0,0,17,754,16,0,136,2,0,119,13.9,1,0,0,0.3,1
Michael Carrick,34,81,81,CDM,Manchester United,Michael,Carrick,0,0,42,1601,14,209.3,288,48,0,297,54.5,5,0,2,1.7,3
Fernando Luiz Rosa,31,81,81,CM,Manchester City,Fernando,Luiz Rosa,2,1,78,2755,27,575.7,546.6,364,3,483,148.5,10,2,4,1.5,3
Yohan Cabaye,30,81,81,CDM,Crystal Palace,Yohan,Cabaye,4,4,91,2125,41,568,427.4,478,6,411,146.8,7,0,7,1.1,3
Ryan Shawcross,28,81,81,CB,Stoke City,Ryan,Shawcross,1,2,94,3150,53,65.3,732.2,395,6,549,119.3,9,0,6,1.7,2
Kevin Mirallas,28,81,81,LM,Everton,Kevin,Mirallas,4,8,119,2074,26,682.1,439.6,739,8,420,185.4,11,0,2,2.2,3
Bamidele Alli,20,80,90,CAM,Tottenham Hotspur,Bamidele,Alli,18,11,225,3036,22,778.7,969.6,1270,17,679,301.7,17,0,4,32.3,3
Memphis Depay,22,80,87,LM,Manchester United,Memphis,Depay,0,0,3,24,1,1.8,1.2,4,0,6,0.7,0,0,1,0.2,3
Emre Can,22,80,86,CM,Liverpool,Emre,Can,5,2,104,2371,28,544.5,512.2,500,12,436,155.3,9,0,6,3,3
Sofiane Boufal,22,80,86,LW,Southampton,Sofiane,Boufal,1,1,40,1104,22,328.6,197,265,1,160,78.6,3,0,5,0.1,4
Eliaquim Mangala,25,80,83,CB,Valencia CF,Eliaquim,Mangala,0,0,0,0,0,0,0,0,0,0,0,0,0,0,0.3,2
Simone Zaza,25,80,83,ST,West Ham United,Simone,Zaza,0,0,10,459,14,112.4,16.4,207,0,21,32.9,2,0,2,0.1,4
Danny Rose,25,80,82,LB,Tottenham Hotspur,Danny,Rose,2,3,84,1530,11,371.5,387.4,237,6,357,99.6,8,0,8,4.3,2
Matteo Darmian,26,80,82,RB,Manchester United,Matteo,Darmian,0,0,70,1333,8,74,206,13,6,319,29.4,9,0,3,1,2
Sofiane Feghouli,26,80,81,RW,West Ham United,Sofiane,Feghouli,3,3,55,1042,23,320.2,268,262,4,220,84.9,1,1,1,0.7,4
Gareth Barry,35,80,80,CDM,Everton,Gareth,Barry,2,1,68,2109,28,400.6,509.4,244,3,371,115,7,0,10,3.2,3
Michel Vorm,32,80,80,GK,Tottenham Hotspur,Michel,Vorm,0,0,17,416,2,0,70.4,0,0,81,6.9,2,0,0,0.3,1
Robert Huth,31,80,80,CB,Leicester City,Robert,Huth,2,2,88,2926,49,69.4,701,477,1,479,124.9,9,0,9,1.8,2
Mathieu Debuchy,30,80,80,RB,Arsenal,Mathieu,Debuchy,0,0,1,15,0,1.4,1,0,0,2,0.2,0,0,0,0.2,2
Ben Foster,33,80,80,GK,West Bromwich Albion,Ben,Foster,0,0,113,3420,51,20.3,767,5,4,629,79.5,6,0,2,12.6,1
Moussa Sissoko,26,80,80,RM,Tottenham Hotspur,Moussa,Sissoko,0,3,43,909,5,274.2,133,212,0,162,61,4,0,3,0.1,3
Alex Oxlade-Chamberlain,22,79,86,RM,Arsenal,Alex,Oxlade-Chamberlain,2,7,83,1564,22,519.9,435.4,416,3,393,137.5,4,0,1,1.4,3
Manuel Lanzini,23,79,85,CAM,West Ham United,Manuel,Lanzini,8,3,133,2708,53,863.3,639,629,20,635,213.5,9,0,9,2,3
Virgil van Dijk,24,79,84,CB,Southampton,Virgil,van Dijk,1,0,75,1852,23,81.1,546.2,232,14,435,86,7,1,3,5.3,2
Kevin Wimmer,23,79,84,CB,Tottenham Hotspur,Kevin,Wimmer,0,0,2,357,4,14.4,39.4,0,0,26,5.4,0,0,3,0.1,2
Phil Jones,24,79,83,CB,Manchester United,Phil,Jones,0,0,55,1584,14,35.2,437.8,89,4,362,56.3,5,0,2,0.7,2
Gabriel Armando de Abreu,25,79,83,CB,Arsenal,Gabriel Armando,de Abreu,0,0,45,1517,18,84.5,295.8,119,2,296,50,5,0,6,0.8,2
Wahbi Khazri,25,79,82,LM,Sunderland,Wahbi,Khazri,1,0,31,849,21,332.2,112.2,203,3,96,64.9,1,0,6,0.1,3
Wilfried Zaha,23,79,82,RM,Crystal Palace,Wilfried,Zaha,7,11,149,3019,56,606.4,740.4,865,13,481,221.2,7,0,8,11.9,3
Ryan Bertrand,26,79,80,LB,Southampton,Ryan,Bertrand,2,5,123,2507,36,442.4,517.4,255,9,575,121.5,12,0,3,3.9,2
Wes Morgan,32,79,79,CB,Leicester City,Wes,Morgan,1,1,63,2430,45,48.4,480,284,0,360,81.4,5,0,3,10.3,2
Ragnar Klavan,30,79,79,CB,Liverpool,Ragnar,Klavan,0,0,43,1410,19,52.5,308.2,78,4,292,44,3,0,3,0.6,2
Ashley Young,30,79,79,LM,Manchester United,Ashley,Young,0,1,26,760,6,167,147.4,61,1,154,37.6,4,0,2,0.1,3
Scott Dann,29,79,79,CB,Crystal Palace,Scott,Dann,3,1,61,1752,36,73.1,459,426,4,310,96,2,0,2,2.1,2
Ibrahim Afellay,30,79,79,CAM,Stoke City,Ibrahim,Afellay,0,0,15,384,5,55.2,32,63,0,63,14.8,0,0,0,0,3
Jonny Evans,28,79,79,CB,West Bromwich Albion,Jonny,Evans,2,1,79,2637,39,117.5,626.6,259,7,478,100.6,4,0,8,4.1,2
Steven Defour,28,79,79,CM,Burnley,Steven,Defour,1,3,54,1068,13,386.4,249.2,96,6,245,73.3,5,0,1,0.2,3
Jeremain Lens,28,79,79,RM,FenerbahÃ§e SK,Jeremain,Lens,0,0,2,69,1,31.3,14.2,52,0,12,9.7,0,0,0,0,3
Max Gradel,28,79,79,LW,Bournemouth,Max,Gradel,0,0,8,134,1,18.2,24.6,70,0,24,10.8,0,0,3,0.1,4
Nordin Amrabat,29,79,79,CAM,Watford,Nordin,Amrabat,0,3,65,2091,51,494.3,282.4,368,5,263,113.9,4,0,4,0.1,3
Fernando Francisco Reges,28,79,79,CDM,Manchester City,Fernando Francisco,Reges,0,0,18,568,10,65.7,115.2,29,1,106,21,1,0,3,0.2,3
Aleksandar Kolarov,30,79,79,LB,Manchester City,Aleksandar,Kolarov,1,1,95,2535,27,296.4,639,223,7,558,116,9,0,6,3.1,2
John Stones,22,78,88,CB,Manchester City,John,Stones,0,0,59,2014,29,78,441.4,174,4,435,69.7,4,0,1,13.3,2
Eric Dier,22,78,86,CDM,Tottenham Hotspur,Eric,Dier,2,0,93,3043,24,223.8,663.6,315,4,505,120.7,16,0,6,5.1,3
Abdul Rahman Baba,21,78,85,LB,FC Schalke 04,Abdul Rahman,Baba,0,0,0,0,0,0,0,0,0,0,0,0,0,0,0,2
Divock Origi,21,78,85,ST,Liverpool,Divock,Origi,7,4,96,1469,18,264.4,360,551,8,297,116.1,7,0,0,5.5,4
Vincent Janssen,22,78,85,ST,Tottenham Hotspur,Vincent,Janssen,2,3,55,845,8,241.3,158,501,3,134,89.4,3,0,0,0.8,4
Nampalys Mendy,24,78,84,CDM,Leicester City,Nampalys,Mendy,0,0,6,269,5,24.9,16.8,0,0,26,4,1,0,1,0.3,3
Ahmed Musa,23,78,84,ST,Leicester City,Ahmed,Musa,2,0,39,761,20,120.8,132.6,232,5,131,47.7,1,0,1,3,4
Victor Wanyama,25,78,82,CDM,Tottenham Hotspur,Victor,Wanyama,4,2,103,3012,25,486,609.6,480,7,578,157.7,12,0,10,2.9,3
Bruno Martins Indi,24,78,82,CB,Stoke City,Bruno,Martins Indi,1,0,106,3146,50,34.4,682.6,266,9,634,98.6,11,0,4,0.7,2
Ben Davies,23,78,82,LB,Tottenham Hotspur,Ben,Davies,1,3,90,1739,13,449.6,452,156,5,443,105.8,8,0,1,5.2,2
Andros Townsend,24,78,81,RM,Crystal Palace,Andros,Townsend,3,7,116,2520,38,852.4,552.4,511,16,492,191.3,7,0,4,2.2,3
Jordy Clasie,25,78,81,CDM,Southampton,Jordy,Clasie,1,1,38,1022,15,129.1,122.4,94,3,157,33.3,2,0,3,0.1,3
Marten de Roon,25,78,81,CDM,Middlesbrough,Marten,de Roon,4,1,91,2773,44,245.8,370.6,390,5,399,100.1,8,0,8,1.8,3
Jack Cork,27,78,80,CDM,Swansea City,Jack,Cork,0,1,50,2232,51,222,331.2,168,0,348,71.6,3,0,7,0.1,3
Fabian Delph,26,78,80,CM,Manchester City,Fabian,Delph,1,0,13,224,4,42.3,68.2,43,0,62,15.3,0,0,1,0.1,3
Charlie Austin,26,78,79,ST,Southampton,Charlie,Austin,6,1,62,934,8,134.3,274.2,573,10,218,97.9,6,0,1,1.8,4
Philipp Wollscheid,27,78,79,CB,VfL Wolfsburg,Philipp,Wollscheid,0,0,1,180,5,3.4,36.4,10,0,23,5,0,0,1,0.2,2
Mark Noble,29,78,78,CM,West Ham United,Mark,Noble,3,0,71,2389,40,384.8,342,233,5,389,95.9,8,0,10,1.2,3
Fraser Forster,28,78,78,GK,Southampton,Fraser,Forster,0,0,134,3420,48,10,553.6,0,4,625,56.4,14,0,3,5,1
Simon Mignolet,28,78,78,GK,Liverpool,Simon,Mignolet,0,0,110,2520,30,0,461.2,0,7,506,46,9,0,0,3.5,1
Etienne Capoue,27,78,78,CDM,Watford,Etienne,Capoue,7,2,131,3204,60,696.8,577.6,513,14,544,178.7,7,0,5,22.9,3
Andy Carroll,27,78,78,ST,West Ham United,Andy,Carroll,7,2,69,1312,27,220.8,351.8,620,6,256,119.2,3,0,3,2,4
Mame Biram Diouf,28,78,78,ST,Stoke City,Mame Biram,Diouf,1,2,51,1385,26,148.6,198,340,2,190,68.4,5,0,3,0.3,4
Tom Cleverley,26,78,78,CM,Everton,Tom,Cleverley,0,3,55,1848,40,438.1,255.2,93,0,294,78.7,3,0,4,0.1,3
Nacer Chadli,26,78,78,LM,West Bromwich Albion,Nacer,Chadli,5,6,110,2135,32,538.8,412,543,8,359,148.7,6,0,2,1.4,3
Danny Ings,23,77,83,ST,Liverpool,Danny,Ings,0,0,0,0,0,0,0,0,0,0,0,0,0,0,0.2,4
Saido Berahino,22,77,83,ST,West Bromwich Albion,Saido,Berahino,0,0,26,963,13,73.5,38.4,299,0,50,40,4,0,1,0.5,4
Jesse Lingard,23,77,83,RM,Manchester United,Jesse,Lingard,1,3,60,1360,12,522.3,229.4,439,3,227,118,7,0,3,0.8,3
Jonathan Calleri,22,77,83,ST,West Ham United,Jonathan,Calleri,1,0,23,540,4,115,56.2,265,0,47,43.2,3,0,0,0.1,4
Jan Kirchhoff,25,77,81,CDM,Sunderland,Jan,Kirchhoff,0,1,12,433,11,30.1,53.6,26,0,61,10.9,0,0,1,0,3
Jordan Ayew,24,77,81,ST,Aston Villa,Jordan,Ayew,1,4,39,867,7,122.5,141,219,2,122,47.9,5,0,1,0.6,4
Victor Moses,25,77,80,LM,Chelsea,Victor,Moses,3,3,105,2485,15,456.2,528.6,683,6,476,166.7,17,0,4,2.2,3
Kieran Trippier,25,77,80,RB,Tottenham Hotspur,Kieran,Trippier,0,5,51,568,3,185.6,183.8,35,7,202,40.6,3,0,1,0.4,2
Joe Allen,26,77,79,CM,Stoke City,Joe,Allen,6,3,118,2930,49,539.8,576.8,675,10,525,179.4,10,0,9,6.4,3
Daryl Janmaat,26,77,78,RB,Watford,Daryl,Janmaat,2,1,50,1614,33,222.3,309.4,254,0,261,78.8,2,0,2,0.2,2
Franck Tabanou,27,77,78,LB,Granada CF,Franck,Tabanou,0,0,0,0,0,0,0,0,0,0,0,0,0,0,0,2
Steven Pienaar,34,77,77,LM,Sunderland,Steven,Pienaar,0,0,15,802,13,134.4,90.8,98,0,77,32.3,2,1,5,0,3
Glen Johnson,31,77,77,RB,Stoke City,Glen,Johnson,0,0,56,1957,34,176.1,350,101,3,376,62.8,6,0,1,0.1,2
Christian Fuchs,30,77,77,LB,Leicester City,Christian,Fuchs,2,4,104,3103,57,536.4,802,152,10,679,149.4,8,0,10,5.7,2
Leon Britton,33,77,77,CM,Swansea City,Leon,Britton,0,0,32,1163,24,72.8,127.8,10,0,200,21.2,5,0,3,0.1,3
Steven Davis,31,77,77,CM,Southampton,Steven,Davis,0,3,77,2643,37,573,437.6,379,0,450,138.9,10,0,3,0.5,3
Mathieu Flamini,32,77,77,CDM,Crystal Palace,Mathieu,Flamini,0,0,12,274,6,13.7,33,13,0,47,5.9,0,0,0,0.1,3
Valon Behrami,31,77,77,CDM,Watford,Valon,Behrami,0,0,48,2030,39,101.9,208.2,24,0,258,33.6,5,0,7,0.2,3
Jay Rodriguez,26,77,77,LM,Southampton,Jay,Rodriguez,5,2,73,893,15,132.8,255.2,507,8,170,89.4,3,0,0,0.3,3
James McArthur,28,77,77,CDM,Crystal Palace,James,McArthur,5,3,93,1999,39,284.5,400.4,300,8,363,97.7,3,0,5,1,3
Nathan Dyer,28,77,77,RM,Swansea City,Nathan,Dyer,0,1,12,214,11,57.5,40,48,0,47,14.6,0,0,0,0.1,3
Kamil Grosicki,28,77,77,RW,Stade Rennais FC,Kamil,Grosicki,0,5,43,1143,27,360.9,133.6,309,0,132,80.3,3,0,1,0.2,4
Geoff Cameron,31,77,77,CB,Stoke City,Geoff,Cameron,0,1,58,1629,25,165,354.4,174,5,340,69.6,6,0,1,0.4,2
Costel Pantilimon,29,77,77,GK,Watford,Costel,Pantilimon,0,0,2,83,4,0,41.6,0,0,20,4.1,0,0,0,0.4,1
Marcus Rashford,18,76,88,ST,Manchester United,Marcus,Rashford,5,3,76,1712,15,411.4,316.2,734,2,287,145.5,7,0,3,10.6,4
Adnan Januzaj,21,76,85,LM,Sunderland,Adnan,Januzaj,0,3,49,1628,38,470.8,226.2,364,0,158,106.4,3,1,3,0.5,3
Callum Wilson,24,76,82,ST,Bournemouth,Callum,Wilson,6,1,63,1361,25,125.7,229,487,2,170,82.2,6,0,0,1.1,4
Markus Henriksen,23,76,81,CAM,Hull City,Markus,Henriksen,0,0,20,638,13,62.9,52.4,60,0,75,17.4,0,0,1,0,3
Jack Rodwell,25,76,79,CM,Sunderland,Jack,Rodwell,0,1,38,1492,32,131,235,233,1,200,60,2,0,4,0.6,3
Fabio Borini,25,76,79,RM,Sunderland,Fabio,Borini,2,0,49,1742,34,257.3,217,406,3,177,87.4,5,0,5,0.6,3
Joel Ward,26,76,78,RB,Crystal Palace,Joel,Ward,0,1,86,3417,63,263.7,608.2,129,7,568,100.4,7,0,7,0.9,2
Alex McCarthy,26,76,78,GK,Southampton,Alex,McCarthy,0,0,0,0,0,0,0,0,0,0,0,0,0,0,0.1,1
Aaron Cresswell,26,76,78,LB,West Ham United,Aaron,Cresswell,0,2,60,2115,35,284.7,307.6,121,1,334,71.2,5,1,2,0.3,2
Christian Kabasele,25,76,78,CB,Watford,Christian,Kabasele,2,0,35,771,15,49.1,200.4,166,1,143,41.7,1,0,1,0,2
Diafra Sakho,26,76,78,ST,West Ham United,Diafra,Sakho,1,0,12,181,4,19.6,41.8,45,2,32,10.7,0,0,0,0.1,4
Robbie Brady,24,76,78,LM,Norwich City,Robbie,Brady,1,3,39,719,11,253,151.2,116,4,143,51.6,1,0,1,0.2,3
Enner Valencia,26,76,78,ST,Everton,Enner,Valencia,3,3,54,927,12,117.6,194.2,490,3,173,79,2,0,1,1.7,4
Marc Albrighton,26,76,77,LM,Leicester City,Marc,Albrighton,2,6,95,2412,47,719.8,483.8,272,3,468,147.6,8,0,5,2.5,3
Leroy Fer,26,76,77,CAM,Swansea City,Leroy,Fer,6,2,95,2405,49,333.9,507.6,443,5,429,128.3,4,0,9,4.6,3
Michail Antonio,26,76,77,RM,West Ham United,Michail,Antonio,9,8,132,2433,43,503.1,622.4,1105,8,410,222.7,7,1,4,5.3,3
Maarten Stekelenburg,33,76,76,GK,Everton,Maarten,Stekelenburg,0,0,68,1683,24,0.1,350.4,0,3,309,35.1,4,0,2,1.7,1
Jonas Olsson,33,76,76,CB,West Bromwich Albion,Jonas,Olsson,0,0,8,590,13,1.1,96.4,21,0,60,12,1,0,3,0.5,2
Peter Crouch,35,76,76,ST,Stoke City,Peter,Crouch,7,3,79,1343,23,260.9,346.6,664,7,262,126.8,4,0,3,3.4,4
Wayne Routledge,31,76,76,LM,Swansea City,Wayne,Routledge,3,2,74,1917,42,428.5,273.2,355,2,228,105.5,5,0,1,0.3,3
Artur Boruc,36,76,76,GK,Bournemouth,Artur,Boruc,0,0,120,3150,63,10,815.4,0,7,657,82.4,9,0,2,6.2,1
Gareth McAuley,36,76,76,CB,West Bromwich Albion,Gareth,McAuley,6,1,131,3140,45,74.3,913.8,367,14,576,135.4,7,0,5,24.7,2
David Marshall,31,76,76,GK,Hull City,David,Marshall,0,0,32,1440,44,0.3,423,0,0,262,42.3,0,0,0,0.1,1
Jason Puncheon,30,76,76,CAM,Crystal Palace,Jason,Puncheon,0,6,92,3093,53,941.8,500.2,448,6,500,188.7,7,0,9,0.7,3
Charlie Adam,30,76,76,CM,Stoke City,Charlie,Adam,1,4,59,1491,23,477.6,263.4,328,5,218,106.7,6,0,7,0.3,3
Tom Heaton,30,76,76,GK,Burnley,Tom,Heaton,0,0,149,3150,48,30.3,1001.6,0,21,741,103.2,10,0,1,18.6,1
Evandro Goebel,29,76,76,CM,FC Porto,Evandro,Goebel,0,0,18,576,10,171,42.4,20,0,88,23.2,3,0,1,0,3
James Tomkins,27,76,76,CB,Crystal Palace,James,Tomkins,3,0,75,1974,36,35.7,471,213,5,359,72.1,6,0,4,0.2,2
Craig Gardner,29,76,76,CM,West Bromwich Albion,Craig,Gardner,0,1,14,218,6,137.9,35.4,11,0,52,18.3,1,0,1,0.1,3
Erik Pieters,27,76,76,LB,Stoke City,Erik,Pieters,0,2,103,3151,50,353.8,583.2,130,9,614,107.1,10,0,5,6.7,2
Andrea Ranocchia,28,76,76,CB,Inter,Andrea,Ranocchia,2,2,55,1330,31,39,444.4,158,9,299,64.2,3,0,2,1.3,2
Troy Deeney,28,76,76,ST,Watford,Troy,Deeney,10,4,130,2944,52,555.9,617.4,900,18,441,206.8,6,0,7,4.8,4
Luciano Narsingh,25,76,76,RW,PSV,Luciano,Narsingh,0,3,25,416,8,105.7,74.4,60,0,75,23.9,1,0,0,0,4
Daniel Amartey,21,75,84,CDM,Leicester City,Daniel,Amartey,1,1,53,1673,35,204,254.4,109,3,262,57,4,0,3,0.2,3
Nathan Redmond,22,75,83,RM,Southampton,Nathan,Redmond,7,1,126,2898,40,880.3,545.6,1021,13,483,243.8,12,1,2,7.4,3
Modou Barrow,23,75,83,RW,Swansea City,Modou,Barrow,0,2,34,1145,23,332.7,153.6,223,0,136,70.5,4,0,1,0.6,4
Nabil Bentaleb,21,75,83,CDM,FC Schalke 04,Nabil,Bentaleb,0,0,0,0,0,0,0,0,0,0,0,0,0,0,0,3
Andrew Robertson,22,75,83,LB,Hull City,Andrew,Robertson,1,2,73,2736,59,352.8,502.6,100,4,488,95.6,5,0,5,1.9,2
Omar Elabdellaoui,24,75,82,RB,Olympiacos CFP,Omar,Elabdellaoui,0,0,13,615,16,70.4,84.6,8,0,111,16.4,1,0,0,0,2
Michael Keane,23,75,82,CB,Burnley,Michael,Keane,2,1,113,3150,49,96.7,930.8,557,10,619,158.6,10,0,4,3.3,2
Arthur Masuaku,22,75,82,LB,West Ham United,Arthur,Masuaku,0,1,34,972,24,126.7,219.8,18,7,253,36.4,3,0,1,0.1,2
Steven Berghuis,24,75,80,RW,Feyenoord,Steven,Berghuis,0,0,0,0,0,0,0,0,0,0,0,0,0,0,0,4
Andre Gray,25,75,79,ST,Burnley,Andre,Gray,9,3,108,2260,33,320.2,415.6,648,10,303,137.4,8,0,2,4,4
Mike van der Hoorn,23,75,79,CB,Swansea City,Mike,van der Hoorn,1,0,16,662,20,1.2,191.6,50,0,125,24.3,1,0,1,0.2,2
Ryan Mason,25,75,78,CDM,Hull City,Ryan,Mason,1,0,26,927,27,149.6,116,137,0,126,39.8,0,0,4,0,3
Vito Mannone,28,75,77,GK,Sunderland,Vito,Mannone,0,0,34,810,19,0,247,0,6,187,24.8,2,0,0,0.6,1
Ashley Westwood,26,75,77,CM,Aston Villa,Ashley,Westwood,0,0,13,551,9,64.3,50.8,2,0,68,11.8,1,0,3,0,3
Kyle Naughton,27,75,76,RB,Swansea City,Kyle,Naughton,1,0,82,2714,48,407.5,589,216,7,528,121.3,8,0,5,2.1,2
Jake Livermore,26,75,76,CM,Hull City,Jake,Livermore,1,1,77,2970,62,323.5,556.4,283,2,458,116.5,4,1,5,0.1,3
Shay Given,40,75,75,GK,Stoke City,Shay,Given,0,0,13,450,14,0,144.8,0,3,92,14.4,0,0,1,0.4,1
Rickie Lambert,34,75,75,ST,Cardiff City,Rickie,Lambert,0,0,1,13,0,11,3.6,40,0,3,5.5,0,0,0,0.1,4
Allan McGregor,34,75,75,GK,Hull City,Allan,McGregor,0,0,0,0,0,0,0,0,0,0,0,0,0,0,0,1
Stewart Downing,31,75,75,CAM,Middlesbrough,Stewart,Downing,1,3,77,2214,39,566.9,324.6,283,3,364,117.7,7,0,1,0.4,3
Tom Huddlestone,29,75,75,CM,Hull City,Tom,Huddlestone,1,2,62,2025,47,300.3,344.4,130,5,348,77.6,4,1,5,0.2,3
Robert Snodgrass,28,75,75,RM,Hull City,Robert,Snodgrass,7,6,133,2548,56,1050.1,550.2,538,16,503,212.3,3,0,2,6.3,3
Sebastian Larsson,31,75,75,CM,Sunderland,Sebastian,Larsson,0,3,40,1468,35,402.5,206,109,0,219,71.4,3,1,4,0,3
Bradley Guzan,31,75,75,GK,Middlesbrough,Bradley,Guzan,0,0,36,900,17,0,228.4,0,3,197,22.9,3,0,0,0.7,1
Joe Ledley,29,75,75,CM,Crystal Palace,Joe,Ledley,1,1,40,1160,26,109.9,158.2,48,1,201,31.5,2,0,1,0.4,3
Andrew Surman,29,75,75,CM,Bournemouth,Andrew,Surman,0,1,44,1800,38,223.8,256.8,90,0,288,57,4,1,1,0.1,3
Neil Taylor,27,75,75,LB,Swansea City,Neil,Taylor,0,1,22,920,26,84.1,149.2,12,0,160,24.6,2,0,1,0.1,2
Bakary Sako,28,75,75,LM,Crystal Palace,Bakary,Sako,0,0,7,142,5,31.6,21.8,32,0,29,8.7,0,0,0,0,3
Yohan Benalouane,29,75,75,CB,Leicester City,Yohan,Benalouane,0,0,27,917,15,22,158.2,54,0,156,23.6,4,0,4,1,2
Martin Olsson,28,75,75,LB,Norwich City,Martin,Olsson,2,0,52,1252,18,149.5,262,114,3,234,52.6,4,0,2,0.8,2
Matthew Lowton,27,75,75,RB,Burnley,Matthew,Lowton,0,2,90,3240,53,491.5,770.6,80,5,631,134.2,9,0,9,0.8,2
Kelechi Iheanacho,19,74,88,ST,Manchester City,Kelechi,Iheanacho,4,3,52,537,9,193.7,224,463,6,180,87.4,1,0,0,2.3,4
Oleksandr Zinchenko,19,74,86,CAM,PSV,Oleksandr,Zinchenko,0,0,0,0,0,0,0,0,0,0,0,0,0,0,0,3
Jason Denayer,21,74,84,CB,Sunderland,Jason,Denayer,0,0,56,1878,30,55.1,319.2,62,2,320,43.7,6,0,2,0.1,2
Isaac Success,20,74,84,RW,Watford,Isaac,Success,1,1,28,519,9,96.7,146.2,225,0,87,46.8,1,0,2,0,4
Benik Afobe,23,74,82,ST,Bournemouth,Benik,Afobe,6,5,88,1458,24,320.7,350,639,9,259,130.8,5,0,1,1.2,4
Viktor Fischer,22,74,81,LW,Middlesbrough,Viktor,Fischer,0,3,25,438,6,121.7,82.6,165,0,91,37,1,0,0,0.2,4
Oriol Romeu Vidal,24,74,79,CDM,Southampton,Oriol,Romeu Vidal,1,0,80,3071,42,280.5,585.6,240,4,566,110.7,13,0,11,0.8,3
Connor Wickham,23,74,78,ST,Crystal Palace,Connor,Wickham,2,0,18,412,6,36.2,87.6,132,0,59,25,0,0,1,0.3,4
Martin Kelly,26,74,76,RB,Crystal Palace,Martin,Kelly,0,2,46,2124,44,125.1,421.8,61,0,323,61,2,0,4,0.6,2
Harry Arter,26,74,76,CM,Bournemouth,Harry,Arter,1,4,84,2956,62,533,482,343,6,513,135.4,9,1,11,0.3,3
Jordan Rhodes,26,74,76,ST,Middlesbrough,Jordan,Rhodes,0,0,8,211,2,28,21.6,104,0,21,15.4,0,0,0,0.2,4
Matt Phillips,25,74,76,RM,West Bromwich Albion,Matt,Phillips,4,9,115,2181,28,508.9,463.2,458,12,357,142.3,6,0,2,4,3
Ben Mee,26,74,76,CB,Burnley,Ben,Mee,1,2,94,3015,49,93.7,890,281,6,592,126.7,9,0,5,2.2,2
Rudy Gestede,27,74,75,ST,Aston Villa,Rudy,Gestede,1,0,21,533,12,148.4,79.4,254,0,80,48.1,1,0,3,0.1,4
Gerhard Tremmel,37,74,74,GK,Swansea City,Gerhard,Tremmel,0,0,0,0,0,0,0,0,0,0,0,0,0,0,0,1
Shaun Maloney,33,74,74,CAM,Hull City,Shaun,Maloney,1,2,24,283,7,70.4,104.6,58,2,86,23.4,1,0,0,0.5,3
Damien Delaney,34,74,74,CB,Crystal Palace,Damien,Delaney,0,2,51,2014,39,79.6,496.6,67,3,344,64.1,3,0,8,0.5,2
Marc Wilson,28,74,74,CB,Bournemouth,Marc,Wilson,0,0,0,255,7,34.5,63,5,0,29,10.3,0,0,3,2.3,2
Danny Simpson,29,74,74,RB,Leicester City,Danny,Simpson,0,3,85,2988,50,199,531.2,50,4,529,77.9,9,0,12,2.1,2
Darren Randolph,29,74,74,GK,West Ham United,Darren,Randolph,0,0,69,1980,39,0,484.8,0,5,370,48.7,4,0,1,1.3,1
James McClean,27,74,74,LM,West Bromwich Albion,James,McClean,1,3,52,1477,24,331.3,288.6,360,1,236,98.2,2,0,9,0.1,3
Serge Gnabry,20,73,85,RM,SV Werder Bremen,Serge,Gnabry,0,0,0,0,0,0,0,0,0,0,0,0,0,0,0,3
Robert Kenedy Nunes do Nascimento,20,73,85,LM,Watford,Robert Kenedy,Nunes do Nascimento,0,0,3,90,3,11.8,1.8,46,0,8,6,0,0,0,0,3
Jordan Pickford,22,73,83,GK,Sunderland,Jordan,Pickford,0,0,102,2610,50,40,933,0,9,608,97.4,4,0,0,11,1
Matt Miazga,20,73,83,CB,Vitesse,Matt,Miazga,0,0,0,0,0,0,0,0,0,0,0,0,0,0,0.1,2
Jon Flanagan,23,73,81,RB,Burnley,Jon,Flanagan,0,0,9,360,4,16.4,63.8,0,0,55,8,1,0,2,0.2,2
Jonathan Williams,22,73,80,CAM,Ipswich Town,Jonathan,Williams,0,0,0,0,0,0,0,0,0,0,0,0,0,0,0,3
Sam Byram,22,73,80,RB,West Ham United,Sam,Byram,0,1,29,1249,27,118.2,202.2,72,2,198,39.4,3,1,5,0.3,2
Carl Jenkinson,24,73,76,RB,Arsenal,Carl,Jenkinson,0,0,2,82,1,2,19.4,0,0,12,2.1,0,0,0,0.1,2
Sam Vokes,26,73,75,ST,Burnley,Sam,Vokes,10,4,121,2064,34,248.1,500,907,12,394,164.6,5,0,0,3.2,4
Kristoffer Nordfeldt,27,73,75,GK,Swansea City,Kristoffer,Nordfeldt,0,0,3,90,1,0,24.8,0,0,12,2.5,0,0,0,3.4,1
Craig Cathcart,27,73,74,CB,Watford,Craig,Cathcart,0,1,31,1162,21,61.7,225.2,45,3,183,33.2,2,0,3,0.2,2
James Chester,27,73,74,CB,Aston Villa,James,Chester,0,0,0,0,0,0,0,0,0,0,0,0,0,0,0,2
Adam Clayton,27,73,74,CDM,Middlesbrough,Adam,Clayton,0,2,70,2804,45,323.3,454.6,71,0,427,84.8,10,0,10,0.8,3
Alexander Manninger,39,73,73,GK,Liverpool,Alexander,Manninger,0,0,0,0,0,0,0,0,0,0,0,0,0,0,0.3,1
Simon Francis,31,73,73,CB,Bournemouth,Simon,Francis,0,1,89,2938,54,291.2,748.2,130,7,639,117.3,10,1,4,1.4,2
Almen Abdi,29,73,73,RM,Sheffield Wednesday,Almen,Abdi,0,0,0,0,0,0,0,0,0,0,0,0,0,0,0,3
Ben Watson,30,73,73,CM,Watford,Ben,Watson,0,0,1,54,2,1.3,5.6,0,0,6,0.6,0,1,0,0.6,3
Phil Bardsley,31,73,73,RB,Stoke City,Phil,Bardsley,0,0,27,1168,17,146.7,155,51,0,174,35.4,3,1,4,0.1,2
Adam Federici,31,73,73,GK,Bournemouth,Adam,Federici,0,0,8,180,3,0,34.4,0,1,37,3.5,1,0,1,0.1,1
George Friend,28,73,73,LB,Middlesbrough,George,Friend,0,3,59,1964,35,169.1,436,213,6,371,82,4,0,4,1.8,2
Calum Chambers,21,72,82,RB,Middlesbrough,Calum,Chambers,2,1,83,2250,37,107,692.2,80,7,499,88,7,0,4,3.4,2
Kevin Stewart,22,72,81,CDM,Liverpool,Kevin,Stewart,0,0,4,20,0,0.4,3.6,0,0,12,0.4,0,0,0,0.1,3
DeAndre Yedlin,22,72,81,RB,Newcastle United,DeAndre,Yedlin,0,0,0,0,0,0,0,0,0,0,0,0,0,0,0.2,2
Harry Maguire,23,72,80,CB,Hull City,Harry,Maguire,2,3,71,2307,53,157.2,707.6,439,5,483,130.6,4,0,5,0.8,2
Ryan Fraser,22,72,80,LM,Bournemouth,Ryan,Fraser,3,9,100,1764,32,536.5,338.4,332,8,345,120.7,7,0,3,1.2,3
Moses Odubajo,22,72,79,RB,Hull City,Moses,Odubajo,0,0,0,0,0,0,0,0,0,0,0,0,0,0,0,2
Steve Cook,25,72,78,CB,Bournemouth,Steve,Cook,2,0,112,3420,67,66.2,1123,391,17,777,158.2,10,0,5,3.2,2
Joshua King,24,72,77,ST,Bournemouth,Joshua,King,16,3,178,2714,54,474.6,835.2,1007,17,553,231.6,9,0,1,19.3,4
Jeff Hendrick,24,72,77,CM,Burnley,Jeff,Hendrick,2,1,76,2691,47,234.4,284.6,259,1,286,77.4,9,1,6,0.1,3
Tom Carroll,24,72,77,CM,Tottenham Hotspur,Tom,Carroll,1,2,52,1389,18,268.2,253.8,86,4,243,61,5,0,1,2.6,3
Jordon Mutch,24,72,75,CM,Crystal Palace,Jordon,Mutch,0,0,4,53,1,14.1,15.6,0,0,17,3.1,0,0,0,0.3,3
Dan Gosling,26,72,74,CM,Bournemouth,Dan,Gosling,2,0,49,1366,24,181.7,254,168,2,254,60.5,4,0,6,0.1,3
Bryan Oviedo,26,72,74,LB,Everton,Bryan,Oviedo,0,0,29,1323,26,155.4,250.6,37,0,223,44.4,3,0,4,0.1,2
Andy King,27,72,73,CM,Leicester City,Andy,King,1,0,41,1446,26,122.7,258.4,167,1,217,54.9,1,0,4,0.2,3
David Nugent,31,72,72,ST,Middlesbrough,David,Nugent,0,0,4,43,0,3.3,3.4,2,0,11,0.7,0,0,0,0.2,4
Dimitrios Konstantopoulos,37,72,72,GK,Middlesbrough,Dimitrios,Konstantopoulos,0,0,0,0,0,0,0,0,0,0,0,0,0,0,0.1,1
David Jones,31,72,72,CM,Sheffield Wednesday,David,Jones,0,0,1,86,1,11.7,0,2,0,8,1.3,0,0,1,0,3
Stephen Ward,30,72,72,LB,Burnley,Stephen,Ward,1,1,91,3230,53,409.9,644.6,128,3,596,118.3,8,0,5,1.6,2
Marc Pugh,29,72,72,LM,Bournemouth,Marc,Pugh,2,3,64,1329,24,304.6,238.6,290,6,224,83.3,5,0,1,0.4,3
Charlie Daniels,29,72,72,LB,Bournemouth,Charlie,Daniels,4,3,134,3060,53,528.3,698.2,302,14,692,152.9,10,0,1,9.9,2
Adrian Mariappa,29,72,72,RB,Watford,Adrian,Mariappa,0,0,15,562,13,12.7,162.6,26,3,121,20.1,1,0,0,0.4,2
Scott Arfield,27,72,72,LM,Burnley,Scott,Arfield,1,2,69,2103,36,556.5,210.2,393,3,253,115.7,6,0,3,0.1,3
Lewis Cook,19,71,85,CM,Bournemouth,Lewis,Cook,0,2,17,432,7,89.8,100.8,28,1,81,21.8,1,0,1,0.8,3
Bartosz Kapustka,19,71,84,LM,Leicester City,Bartosz,Kapustka,0,0,0,0,0,0,0,0,0,0,0,0,0,0,0.1,3
Ramadan Sobhi,19,71,82,LW,Stoke City,Ramadan,Sobhi,0,2,36,855,11,137.3,104.6,149,1,151,38.5,5,0,2,0.5,4
Tyrone Mings,23,71,79,LB,Bournemouth,Tyrone,Mings,0,0,4,506,16,18.3,125.4,45,2,89,18.9,0,0,0,0,2
Adam Reach,23,71,78,LM,Sheffield Wednesday,Adam,Reach,0,0,0,0,0,0,0,0,0,0,0,0,0,0,0,3
Patrick Bamford,22,71,78,ST,Burnley,Patrick,Bamford,1,0,21,326,8,26.9,51,139,2,59,21.5,0,0,1,0.1,4
Jeffrey Schlupp,23,71,77,LB,Leicester City,Jeffrey,Schlupp,0,2,47,1139,17,100.4,214.2,65,4,237,38.1,3,0,0,0.3,2
James Tarkowski,23,71,76,CB,Burnley,James,Tarkowski,0,0,23,568,11,53.4,146.2,81,0,111,27.5,1,0,1,1.8,2
Adam Smith,25,71,75,RB,Bournemouth,Adam,Smith,1,5,104,3101,61,509.8,566.6,242,12,645,132.1,8,0,6,7,2
Ashley Barnes,26,71,73,ST,Burnley,Ashley,Barnes,6,3,81,1774,27,277.1,328.8,663,10,241,125.5,6,1,6,4.3,4
Billy Jones,29,71,71,RB,Sunderland,Billy,Jones,1,0,56,2270,49,387.5,476.8,270,6,368,113.5,5,0,8,0.1,2
Dean Marney,32,71,71,CM,Burnley,Dean,Marney,1,2,51,1764,28,88.7,244.4,73,1,239,40.5,5,0,7,0.4,3
Grant Leadbitter,30,71,71,CDM,Middlesbrough,Grant,Leadbitter,1,0,28,710,12,139.9,93.4,88,1,125,31.9,3,0,1,0,3
Ikechi Anya,28,71,71,LWB,Derby County,Ikechi,Anya,0,0,1,10,0,0,0,0,0,3,0,0,0,0,0,2
Fraizer Campbell,28,71,71,ST,Crystal Palace,Fraizer,Campbell,1,0,16,165,4,25.9,42.4,84,0,56,15.2,0,0,0,1,4
Rouwen Hennings,28,71,71,ST,Fortuna DÃ¼sseldorf,Rouwen,Hennings,0,0,0,0,0,0,0,0,0,0,0,0,0,0,0,4
George Boyd,30,71,71,RM,Burnley,George,Boyd,2,2,92,2837,45,268.4,330.6,376,2,386,97.2,9,0,3,0.2,3
Juan Carlos Paredes,28,71,71,RB,Watford,Juan Carlos,Paredes,0,0,0,0,0,0,0,0,0,0,0,0,0,0,3.8,2
Edimilson Fernandes,20,70,83,CAM,West Ham United,Edimilson,Fernandes,0,1,38,1002,18,109.9,107.8,209,0,148,42.3,3,0,4,0,3
Alex Iwobi,20,70,82,LM,Arsenal,Alex,Iwobi,3,5,89,1456,20,467.8,326.4,592,8,352,138.7,9,0,1,1.1,3
Demarai Gray,20,70,82,LM,Leicester City,Demarai,Gray,1,4,58,1049,20,268.8,220.4,233,0,210,72.2,4,0,2,0.5,3
Cameron Borthwick-Jackson,19,70,82,LB,Wolverhampton Wanderers,Cameron,Borthwick-Jackson,0,0,0,0,0,0,0,0,0,0,0,0,0,0,0,2
Cameron Brannagan,20,70,81,CM,Liverpool,Cameron,Brannagan,0,0,0,0,0,0,0,0,0,0,0,0,0,0,0.1,3
Stephen Kingsley,21,70,81,LB,Swansea City,Stephen,Kingsley,0,0,29,1036,20,106.8,140.2,15,2,192,26.2,3,0,0,8.9,2
Tommie Hoban,22,70,78,CB,Blackburn Rovers,Tommie,Hoban,0,0,0,0,0,0,0,0,0,0,0,0,0,0,0.2,2
Ben Gibson,23,70,77,CB,Middlesbrough,Ben,Gibson,1,1,121,3420,53,55.7,818.4,248,14,682,112.2,11,0,4,8.8,2
Mouez Hassen,21,70,77,GK,OGC Nice,Mouez,Hassen,0,0,0,0,0,0,0,0,0,0,0,0,0,0,0,1
Tendayi Darikwa,24,70,76,RB,Burnley,Tendayi,Darikwa,0,0,0,0,0,0,0,0,0,0,0,0,0,0,0.1,2
Adam Forshaw,24,70,75,CM,Middlesbrough,Adam,Forshaw,0,2,77,2695,36,511.6,275.6,240,3,401,102.5,9,0,4,0.4,3
Junior Stanislas,26,70,71,LM,Bournemouth,Junior,Stanislas,7,6,107,1467,29,406.9,454.6,418,13,372,128,4,0,1,1.3,3
Paul Robinson,36,70,70,GK,Burnley,Paul,Robinson,0,0,5,270,7,0,66.2,0,0,45,6.6,0,0,0,2.3,1
Lewis Grabban,28,70,70,ST,Bournemouth,Lewis,Grabban,0,1,6,60,2,11.8,24.2,17,0,17,5.3,0,0,0,2.9,4
Lukas Jutkiewicz,27,70,70,ST,Birmingham City,Lukas,Jutkiewicz,0,0,2,13,0,1,0.4,2,0,5,0.3,0,0,0,0.6,4
Dominic Solanke,18,69,82,ST,Chelsea,Dominic,Solanke,0,0,0,0,0,0,0,0,0,0,0,0,0,0,0,4
James Wilson,20,69,79,ST,Derby County,James,Wilson,0,0,0,0,0,0,0,0,0,0,0,0,0,0,0.1,4
Duncan Watmore,22,69,79,RM,Sunderland,Duncan,Watmore,0,5,43,1025,20,159.7,118.6,241,1,125,51.4,2,0,1,0.1,3
Guillermo Varela,23,69,76,RB,Eintracht Frankfurt,Guillermo,Varela,0,0,0,0,0,0,0,0,0,0,0,0,0,0,0,2
Yaya Sanogo,23,69,75,ST,Arsenal,Yaya,Sanogo,0,0,0,0,0,0,0,0,0,0,0,0,0,0,0.1,4
Fredrik Ulvestad,24,69,74,CM,Charlton Athletic,Fredrik,Ulvestad,0,0,0,0,0,0,0,0,0,0,0,0,0,0,0.1,3
Eunan O'Kane,25,69,72,CM,Leeds United,Eunan,O'Kane,0,0,0,0,0,0,0,0,0,0,0,0,0,0,0.3,3
Chris Brunt,31,69,69,LB,West Bromwich Albion,Chris,Brunt,3,4,99,2477,37,674.5,509.4,340,11,462,153.1,4,0,5,2.3,2
Paul Robinson,37,69,69,CB,Birmingham City,Paul,Robinson,0,0,5,270,7,0,66.2,0,0,45,6.6,0,0,0,2.3,2
Alex Bruce,31,69,69,CB,Hull City,Alex,Bruce,0,0,0,0,0,0,0,0,0,0,0,0,0,0,0.1,2
Marvin Emnes,28,69,69,ST,Blackburn Rovers,Marvin,Emnes,0,0,0,0,0,0,0,0,0,0,0,0,0,0,0.3,4
Giedrius Arlauskis,28,69,69,GK,Watford,Giedrius,Arlauskis,0,0,0,0,0,0,0,0,0,0,0,0,0,0,0,1
Ruben Loftus-Cheek,20,68,82,CAM,Chelsea,Ruben,Loftus-Cheek,0,0,6,35,0,3.9,3.8,25,0,16,3.4,0,0,0,0.1,3
Nathaniel Chalobah,21,68,80,CM,Chelsea,Nathaniel,Chalobah,0,1,12,167,3,51.1,40.6,7,0,54,9.9,0,0,2,0,3
Harrison Reed,21,68,80,CDM,Southampton,Harrison,Reed,0,0,3,64,1,1.4,11,0,0,16,1.3,0,0,0,0.1,3
Trent Alexander-Arnold,17,68,80,RM,Liverpool,Trent,Alexander-Arnold,0,0,8,167,2,20.2,32.4,48,0,32,10.1,0,0,0,0,3
Alfie Mawson,22,68,79,CB,Swansea City,Alfie,Mawson,4,0,94,2430,45,62,678,302,9,541,104.2,7,0,1,1.9,2
Brendan Galloway,20,68,78,LB,West Bromwich Albion,Brendan,Galloway,0,0,9,247,3,18.4,33,25,0,44,7.5,1,0,0,0.2,2
Lys Mousset,20,68,75,ST,Bournemouth,Lys,Mousset,0,1,14,270,4,39.6,27.8,109,0,22,16.1,1,0,0,0.1,4
Sam Clucas,25,68,71,LM,Hull City,Sam,Clucas,3,1,87,3186,75,344.2,482.2,405,4,509,122.5,5,1,9,0.2,3
Tokelo Rantie,25,68,70,ST,GenÃ§lerbirliÄŸi SK,Tokelo,Rantie,0,0,0,0,0,0,0,0,0,0,0,0,0,0,0.3,4
Stuart Taylor,35,68,68,GK,Southampton,Stuart,Taylor,0,0,0,0,0,0,0,0,0,0,0,0,0,0,0.1,1
Matt Targett,20,67,81,LB,Southampton,Matt,Targett,0,0,12,373,4,87.9,64.6,12,0,80,16.5,1,0,0,0.2,2
Axel Tuanzebe,18,67,81,CB,Manchester United,Axel,Tuanzebe,0,0,14,303,4,27.7,32.6,18,0,69,7.8,2,0,0,0.3,2
Sullay Kaikai,20,67,80,LM,Brentford,Sullay,Kaikai,0,0,1,24,0,1.8,0,4,0,1,0.5,0,0,0,0,3
Rob Holding,20,67,79,CB,Arsenal,Rob,Holding,0,0,32,810,8,49.2,172,100,3,171,32.2,4,0,3,3.3,2
Tyias Browning,22,67,77,RB,Everton,Tyias,Browning,0,0,0,0,0,0,0,0,0,0,0,0,0,0,2,2
Lloyd Isgrove,23,67,75,RM,Southampton,Lloyd,Isgrove,0,0,0,0,0,0,0,0,0,0,0,0,0,0,0,3
Will Keane,23,67,71,ST,Hull City,Will,Keane,0,0,8,280,10,50.1,2.8,39,0,9,8.3,1,0,0,0.2,4
Craig Dawson,26,67,70,RB,West Bromwich Albion,Craig,Dawson,4,0,102,3276,50,317.1,742.4,418,6,500,147.9,6,0,10,2.5,2
James Wilson,27,67,68,CB,Sheffield United,James,Wilson,0,0,0,0,0,0,0,0,0,0,0,0,0,0,0.1,2
Paul Robinson,34,67,67,CB,AFC Wimbledon,Paul,Robinson,0,0,5,270,7,0,66.2,0,0,45,6.6,0,0,0,2.3,2
Shaun MacDonald,28,67,67,CM,Wigan Athletic,Shaun,MacDonald,0,0,0,0,0,0,0,0,0,0,0,0,0,0,0.1,3
Hal Robson-Kanu,27,67,67,LM,West Bromwich Albion,Hal,Robson-Kanu,3,2,52,701,13,130.7,166.2,255,3,144,53.8,1,0,3,0.3,3
Reece Oxford,17,66,86,CB,West Ham United,Reece,Oxford,0,0,0,0,0,0,0,0,0,0,0,0,0,0,0.3,2
Lynden Gooch,20,66,79,CAM,Sunderland,Lynden,Gooch,0,0,12,366,9,66.4,36.4,54,0,43,15.4,1,0,3,0.2,3
Ashley Fletcher,20,66,78,ST,West Ham United,Ashley,Fletcher,0,0,16,367,13,64.2,30.6,160,0,33,24.4,0,0,2,0.2,4
Keshi Anderson,21,66,76,ST,Bolton Wanderers,Keshi,Anderson,0,0,0,0,0,0,0,0,0,0,0,0,0,0,0,4
Ezekiel Fryers,23,66,72,LB,Crystal Palace,Ezekiel,Fryers,0,1,9,188,7,36.3,41.6,8,0,38,8.6,0,0,0,0,2
James Collins,25,66,70,ST,Crawley Town,James,Collins,2,0,69,1655,29,45.4,501,169,7,364,71.6,6,0,3,4.5,4
Kevin Long,25,66,69,CB,Burnley,Kevin,Long,0,0,3,270,6,0.2,56.4,4,0,39,6.1,0,0,0,0.1,2
Ben Hamer,28,66,68,GK,Leicester City,Ben,Hamer,0,0,0,0,0,0,0,0,0,0,0,0,0,0,0,1
Daniel Lafferty,27,66,67,LB,Sheffield United,Daniel,Lafferty,0,0,0,0,0,0,0,0,0,0,0,0,0,0,0.3,2
Lee Grant,33,66,66,GK,Stoke City,Lee,Grant,0,0,106,2520,34,0,644,0,9,546,64.7,9,0,1,6.5,1
Mason Holgate,19,65,81,RB,Everton,Mason,Holgate,0,1,54,1372,18,152.2,286.8,83,5,303,52.3,5,0,2,7.1,2
Angus Gunn,20,65,79,GK,Manchester City,Angus,Gunn,0,0,0,0,0,0,0,0,0,0,0,0,0,0,0,1
Baily Cargill,20,65,78,CB,Gillingham,Baily,Cargill,0,0,1,13,0,0,4.2,0,0,5,0.4,0,0,0,0,2
Emerson Hyndman,20,65,78,CM,Bournemouth,Emerson,Hyndman,0,0,0,0,0,0,0,0,0,0,0,0,0,0,0,3
Chris Long,21,65,75,ST,Fleetwood Town,Chris,Long,0,0,0,0,0,0,0,0,0,0,0,0,0,0,0.3,4
Ainsley Maitland-Niles,18,65,75,RM,Arsenal,Ainsley,Maitland-Niles,0,0,1,2,0,0,2.2,0,0,5,0.2,0,0,0,0,3
Jack Stephens,22,65,74,CB,Southampton,Jack,Stephens,0,1,60,1471,24,58.2,350.4,58,10,341,46.6,6,0,1,5.2,2
James Husband,22,65,74,LB,Middlesbrough,James,Husband,0,0,0,58,3,1.5,1.2,0,0,3,0.3,0,0,0,0,2
Adam Smith,23,65,73,GK,Northampton Town,Adam,Smith,1,5,104,3101,61,509.8,566.6,242,12,645,132.1,8,0,6,7,1
Ben Davies,35,65,65,RB,Grimsby Town,Ben,Davies,1,3,90,1739,13,449.6,452,156,5,443,105.8,8,0,1,5.2,2
Dael Fry,18,64,82,CB,Rotherham United,Dael,Fry,0,0,0,0,0,0,0,0,0,0,0,0,0,0,0.5,2
Jonathan Leko,17,64,79,RW,West Bromwich Albion,Jonathan,Leko,0,1,12,118,3,29.9,27.4,20,0,38,7.6,0,0,0,0.5,4
Chuba Akpom,20,64,78,ST,Arsenal,Chuba,Akpom,0,0,0,0,0,0,0,0,0,0,0,0,0,0,0.1,4
Reece Burke,19,64,77,CB,Wigan Athletic,Reece,Burke,0,0,0,0,0,0,0,0,0,0,0,0,0,0,0,2
Harry Winks,20,64,75,CM,Tottenham Hotspur,Harry,Winks,1,1,30,494,6,122.1,128,77,0,141,32.8,0,0,1,0,3
Matthew Pennington,21,64,74,CB,Everton,Matthew,Pennington,1,0,9,180,6,10.7,63.8,33,0,37,10.8,0,0,0,0.9,2
Jay Fulton,22,64,74,CM,Swansea City,Jay,Fulton,0,0,19,690,15,53.3,85.4,47,0,92,18.7,3,0,2,0,3
Nick Pope,24,64,72,GK,Burnley,Nick,Pope,0,0,0,0,0,0,0,0,0,0,0,0,0,0,2.5,1
Ryan Allsop,24,64,71,GK,Bournemouth,Ryan,Allsop,0,0,3,90,1,0,33.8,0,0,17,3.4,0,0,0,0.1,1
Jakob Haugaard,24,64,70,GK,Stoke City,Jakob,Haugaard,0,0,0,0,0,0,0,0,0,0,0,0,0,0,0.1,1
Danny Rose,22,64,68,ST,Mansfield Town,Danny,Rose,2,3,84,1530,11,371.5,387.4,237,6,357,99.6,8,0,8,4.3,4
Joel Asoro,17,63,80,ST,Sunderland,Joel,Asoro,0,0,1,10,0,0,0,2,0,3,0.2,0,0,0,0,4
Dominic Calvert-Lewin,19,63,79,ST,Everton,Dominic,Calvert-Lewin,1,0,17,347,7,10,53.2,82,1,46,14.1,0,0,1,0.1,4
Jake Hesketh,20,63,77,CAM,Southampton,Jake,Hesketh,0,0,0,0,0,0,0,0,0,0,0,0,0,0,0,3
Hiram Boateng,20,63,76,CDM,Bristol Rovers,Hiram,Boateng,0,0,0,0,0,0,0,0,0,0,0,0,0,0,0,3
Sam McQueen,21,63,75,LM,Southampton,Sam,McQueen,0,1,23,616,9,58.4,123.6,25,0,132,20.8,1,0,0,0.1,3
Joel Taylor,20,63,75,LB,Stoke City,Joel,Taylor,0,0,0,0,0,0,0,0,0,0,0,0,0,0,0,2
Brian Lenihan,22,63,73,RB,Hull City,Brian,Lenihan,0,0,0,0,0,0,0,0,0,0,0,0,0,0,1.1,2
Ben Davies,20,63,73,LB,Preston North End,Ben,Davies,1,3,90,1739,13,449.6,452,156,5,443,105.8,8,0,1,5.2,2
Luke McGee,20,63,73,GK,Peterborough United,Luke,McGee,0,0,0,0,0,0,0,0,0,0,0,0,0,0,0.1,1
Dionatan do Nascimento Teixeira,23,63,66,CB,Stoke City,Dionatan do Nascimento,Teixeira,0,0,0,0,0,0,0,0,0,0,0,0,0,0,0.4,2
Cameron Carter-Vickers,18,62,80,CB,Tottenham Hotspur,Cameron,Carter-Vickers,0,0,0,0,0,0,0,0,0,0,0,0,0,0,0,2
Oliver McBurnie,20,62,78,ST,Swansea City,Oliver,McBurnie,0,0,5,82,5,33,8,39,0,17,8,0,0,0,0.1,4
Aiden O'Neill,17,62,76,CM,Burnley,Aiden,O'Neill,0,0,3,85,4,5.1,7.6,8,0,16,2.1,0,0,0,0,3
Sam Field,18,62,72,CM,West Bromwich Albion,Sam,Field,0,0,9,275,1,49,16.4,3,0,50,6.7,1,0,2,0,3
Ademola Lookman,17,61,80,ST,Charlton Athletic,Ademola,Lookman,1,0,16,289,2,15.5,55.8,193,0,33,26.1,1,0,0,0,4
Michael Folivi,18,61,79,ST,Watford,Michael,Folivi,0,0,1,10,0,0.1,0,0,0,2,0,0,0,0,0,4
Joshua Sims,19,61,77,LM,Southampton,Joshua,Sims,0,1,12,211,1,38.2,41.8,83,0,48,16.3,1,0,0,0.3,3
Josh Cullen,20,61,71,CM,Bradford City,Josh,Cullen,0,0,0,0,0,0,0,0,0,0,0,0,0,0,0.1,3
Josh Maja,17,60,80,ST,Sunderland,Josh,Maja,0,0,0,0,0,0,0,0,0,0,0,0,0,0,0.1,4
Connor Roberts,20,60,77,RB,Bristol Rovers,Connor,Roberts,0,0,0,0,0,0,0,0,0,0,0,0,0,0,0,2
Thomas Robson,20,60,74,LB,Sunderland,Thomas,Robson,0,0,0,0,0,0,0,0,0,0,0,0,0,0,0.1,2
George Honeyman,21,60,71,CAM,Sunderland,George,Honeyman,0,0,7,235,4,42.7,34.2,29,0,30,10.6,1,0,1,0,3
Jack Rose,21,60,68,GK,West Bromwich Albion,Jack,Rose,0,0,0,0,0,0,0,0,0,0,0,0,0,0,0.2,1
Raphael Spiegel,23,60,63,GK,West Ham United,Raphael,Spiegel,0,0,0,0,0,0,0,0,0,0,0,0,0,0,0.2,1
Aaron Ramsdale,18,59,79,GK,Sheffield United,Aaron,Ramsdale,0,0,0,0,0,0,0,0,0,0,0,0,0,0,0,1
Oluwatosin Adarabioyo,18,59,75,CB,Manchester City,Oluwatosin,Adarabioyo,0,0,0,0,0,0,0,0,0,0,0,0,0,0,0,2
Aaron Wan-Bissaka,18,59,75,RM,Crystal Palace,Aaron,Wan-Bissaka,0,0,0,0,0,0,0,0,0,0,0,0,0,0,0,3
Jerome Sinclair,19,59,74,ST,Watford,Jerome,Sinclair,0,0,6,116,1,14.3,1,22,0,11,3.5,0,0,0,0.2,4
Donald Love,21,59,73,RB,Sunderland,Donald,Love,0,1,21,611,11,73.6,157.6,17,1,133,24.9,1,0,1,4.2,2
Rene Gilmartin,29,59,59,GK,Watford,Rene,Gilmartin,0,0,0,0,0,0,0,0,0,0,0,0,0,0,0,1
Tom Davies,18,58,78,CM,Everton,Tom,Davies,2,3,63,1544,17,246.1,259,208,0,248,70.9,8,0,4,2.3,3
Luke Dreher,17,58,76,CM,Crystal Palace,Luke,Dreher,0,0,0,0,0,0,0,0,0,0,0,0,0,0,0,3
Josh Tymon,17,58,76,LB,Hull City,Josh,Tymon,0,0,9,323,8,20.5,40.2,2,0,57,6.4,1,0,1,0.3,2
Daniel James,18,58,72,LW,Swansea City,Daniel,James,0,0,0,0,0,0,0,0,0,0,0,0,0,0,0,4
Greg Luer,21,58,69,ST,Hull City,Greg,Luer,0,0,0,0,0,0,0,0,0,0,0,0,0,0,0.1,4
Marcus Browne,18,58,69,CAM,West Ham United,Marcus,Browne,0,0,0,0,0,0,0,0,0,0,0,0,0,0,0,3
Maksymilian Stryjek,19,58,68,GK,Sunderland,Maksymilian,Stryjek,0,0,0,0,0,0,0,0,0,0,0,0,0,0,0.1,1
Tom Davies,24,58,63,CB,Portsmouth,Tom,Davies,2,3,63,1544,17,246.1,259,208,0,248,70.9,8,0,4,2.3,2
Ben Wynter,18,57,74,CB,Crystal Palace,Ben,Wynter,0,0,0,0,0,0,0,0,0,0,0,0,0,0,0.1,2
Jonjoe Kenny,19,57,72,RB,Everton,Jonjoe,Kenny,0,0,1,13,0,0.6,0,0,0,2,0,0,0,0,0,2
Jarrod Bowen,20,57,69,ST,Hull City,Jarrod,Bowen,0,0,8,181,8,17.9,3.8,36,0,21,5.7,0,0,0,0.1,4
Ethan Robson,19,57,66,CM,Sunderland,Ethan,Robson,0,0,0,0,0,0,0,0,0,0,0,0,0,0,0,3
Connor Randall,20,56,70,RB,Liverpool,Connor,Randall,0,0,0,0,0,0,0,0,0,0,0,0,0,0,1.7,2
Declan Rice,17,56,70,CB,West Ham United,Declan,Rice,0,0,1,1,0,0.3,0.6,0,0,3,0.1,0,0,0,0,2
Daniel Batty,18,56,69,CM,Hull City,Daniel,Batty,0,0,0,0,0,0,0,0,0,0,0,0,0,0,0,3
Charlie Rowan,18,55,71,CB,Watford,Charlie,Rowan,0,0,0,0,0,0,0,0,0,0,0,0,0,0,0,2
Alex Palmer,19,55,65,GK,West Bromwich Albion,Alex,Palmer,0,0,0,0,0,0,0,0,0,0,0,0,0,0,0,1
Brandon Mason,18,54,70,LB,Watford,Brandon,Mason,0,0,1,113,5,0.8,11.4,0,0,13,1.2,0,0,0,0.1,2
Josh Clackstone,19,53,67,RB,Hull City,Josh,Clackstone,0,0,0,0,0,0,0,0,0,0,0,0,0,0,0.1,2
Matt Macey,21,52,64,GK,Arsenal,Matt,Macey,0,0,0,0,0,0,0,0,0,0,0,0,0,0,0,1
Moses Makasi,20,52,59,CM,West Ham United,Moses,Makasi,0,0,0,0,0,0,0,0,0,0,0,0,0,0,0,3
